Name,Gender,Location
AADAAN,m,Somali
AADAM,m,Urdu
AADEN,m,Somali
AAMIINA,f,Somali
ABADIR,m,Near Eastern Mythology
ABAYNESH,f,Amharic
ABDI,m,Somali
ABDIKADIR,m,Somali
ABDIRAHIM,m,Somali
ABDIRAHMAN,m,Somali
ABDIRIZAK,m,Somali
ABDULKADIR,m,Somali
ABDULLAHI,m,Somali
ABDUWALI,m,Uyghur
ABEBE,m,Amharic
ABEBECH,f,Amharic
ABERA,m,Ethiopian
ABIGAILI,f,Biblical
ABIKANILE,f,Yao
ABIY,m,Amharic
ABOYO,f,Luo
ABREHAM,m,Ethiopian
ABRIHET,f,Tigrinya
ABSHIR,m,Somali
ABUK,f,African Mythology
ABUNGU,f,Luo
ABUTO,f,Luo
ACHAN,f,Dinka
ADAMU,m,Amharic
ADAN,m,Somali
ADANECH,f,Amharic
ADDIMEW,m,Amharic
ADDIS,f,Amharic
ADDISU,m,Ethiopian
ADEDE,f,Luo
ADEN,m,Somali
ADHRA,f,Swahili
ADIA,f,Igede
ADMASE,m,Amharic
ADMASSU,m,Amharic
ADMASU,m,Eastern African
ADONGO,m,Luo
ADUA,f,"Tigrinya (Italianized, Rare)"
ADUOR,f,Eastern African
ĀFEWORQ,m,Ethiopian
AFWERKI,m,Tigrinya
AGWANG,f,Luo
AIMUT,m,Amharic
AJUOGA,f,Luo
AKELLO,f,Luo
AKETCH,f,Luo
AKIKI,m,Eastern African
AKLILU,m,Tigrinya
ALAME,m,Amharic
ALAZAR,m,Ethiopian
ALEEKI,m,Somali
ALEK,f,Eastern African
ALEMNESH,f,Ethiopian
ALEMU,m,Amharic
ALILE,f,Yao
ALIMAZI,f,Amharic
ALMAZ,m,Kazakh
ALUOCH,f,Luo
AMAN,m,Tigrinya
AMANI,f,Tigrinya
AMANYIRE,f,Eastern African
AMBELU,m,Amharic
AMBESA,m,Ethiopian (Modern)
AMBESA,f,Tigrinya
AMBESA,m,Amharic (Modern)
AMBILIKE,m,Nyakyusa
AMBURO,f,Somali
AMESEMI,f,Eastern African
AMHA,m,Amharic
AMIBESA,f,Amharic
AMLESET,f,Tigrinya
AMMANUEL,m,Ethiopian
AMONDI,f,Swahili
AMRI,m,Swahili
ANASA,f,Swahili
ANBESA,m,Amharic (Modern)
ANBESSA,m,Tigrinya
ANDULILE,m,Nyakyusa
ANDWELE,m,Swahili
ANGALIA,f,Swahili (?)
ANGAVU,m,Swahili
ANIBESA,m,Amharic (Modern)
ANYANG,f,Luo
ANZA,f,English (Rare)
ARAGSAN,f,Somali
ARANCHI,f,Tigrinya
ARAYA,m,Tigrinya
AREYHU,f,Ethiopian
ARMANA,f,Tigrinya
ARSEMA,f,Amharic
ARUSI,f,Swahili
ASABA,m,Tooro
ASADI,m,Eastern African
ASALI,f,Swahili
ASANI,m,Swahili
ASATIRA,f,Swahili
ASEGELILE,m,Nyakyusa
ASEGID,m,Amharic
ASELEFECH,f,Ethiopian
ASHEGARI,f,Amharic
ASHKIR,m,Somali
ASKALE,f,Amharic (Rare)
ASLI,f,Somali
ASMERET,f,Tigrinya
ASMINI,f,Swahili
ASSEMAHEGN,m,Amharic
ASSIE,f,Oromo
ASTER,f,Amharic
ASTUR,f,Somali
ATHUMANI,m,Swahili
ATIENA,f,Swahili
ATURINDA,m,Eastern African
AWASH,m,Amharic
AWINO,f,Luo
AWUOR,f,Luo
AYAN,f,Somali
AYANA,f,Amharic
AYANA,f,Eastern African (Modern)
AYANLE,m,Somali
AYANNA,f,Eastern African
AYANTU,f,Ethiopian (?)
AYELE,m,Eastern African
AYELECH,f,Amharic
AYEN,f,Dinka
AYOU,f,Amharic
AZIZI,m,Swahili (Modern)
AZMERA,f,Amharic
BAHARI,f,Swahili
BAHATI,f,Eastern African
BAHIRU,m,African
BAHRU,m,Amharic
BAHTA,m,Tigrinya
BAKAFFA,m,Eastern African
BAKARI,m,Swahili
BALAHEGARU,m,Ethiopian
BANJAW,m,Amharic
BARAKI,m,Amharic
BARKHAD,m,Somali
BARNI,f,Somali
BARRE,m,Somali
BARUK,m,Ethiopian
BASELEYOS,m,Amharic
BASHIIR,m,Somali
BATUULO,f,Somali
BAXSAN,f,Somali
BEDALU,m,Amharic
BEFEQADU,m,Amharic
BEKELE,m,Eastern African
BEKELECH,f,Amharic
BELAYNEH,m,Eastern African
BELAYNESH,f,Eastern African
BELENDIA,m,Amharic
BELETE,m,Ethiopian
BELIYU-WORK,f,Amharic
BENMET,m,Amharic
BERAKI,f,Amharic
BEREKET,m,Eastern African
BEREKHET,m,Tigrinya
BERUK,m,Ethiopian
BESELOT,f,Amharic
BESHI,m,Amharic
BETAMI,f,Amharic
BETELIHEM,f,Ethiopian
BETHLEHEM,f,Judeo-Christian Legend
BEYDAAN,f,Somali
BEYENE,m,Amharic
BEZA,f,Ethiopian
BILAAL,m,Gujarati
BILAN,f,Somali
BILEN,f,Tigrinya
BILEN,f,Amharic
BILLAN,f,Somali
BIRABIRO,f,Amharic
BIRITU,m,Amharic
BIRRU,m,Amharic
BIRTUKAN,f,Ethiopian
BIRUK,m,Ethiopian
BIT'A,f,Amharic
BITANYA,f,Ethiopian
BOL,m,Dinka
BOMANI,m,Yao
BONABANA,f,Tooro
BONNYVENTURE,m,English (Rare)
BORUK,m,Ethiopian
BURHAAN,m,Somali
BUSARA,f,Swahili
BUSEJE,f,Yao
BUSHEBI,m,Luhya
BUUX,m,Somali
BWIRE,m,Eastern African
CAA'ISHA,f,Somali (Rare)
CABAAS,m,Somali
CABDI,m,Somali
CABDILLE,m,Somali
CABDIQAADIR,m,Somali
CABDIRAXMAAN,m,Somali
CABDIRISAAQ,m,Somali
CABDUL,m,Somali
CABDULLAHI,m,Somali
CABDULMAJIID,m,Somali
CANAB,f,Somali
CAWEYS,m,Somali
CAWIL,m,Somali
CAWO,f,Somali
CAYNAANSHE,m,Somali
CHALTU,f,Eastern African
CHAN,m,Dinka
CHANIYA,f,Swahili
CHAUSIKI,f,Swahili
CHEGE,m,Kikuyu
CHEJA,f,Kaguru
CHERI,f,Amharic
CHERNET,m,Amharic
CHERU,m,Amharic
CHEUSI,m,Swahili
CHIGENDA,m,Kaguru
CHILONGOLA,m,Kaguru
CHIMOLA,m,Kaguru
CHITEMO,m,Kaguru
CHIWA,f,Yao
CHUKI,f,Swahili
CIGAAL,m,Somali
CIISE,m,Somali
CILMI,m,Somali
COLOOW,m,Somali
CREDONIA,f,Eastern African
CUMAR,m,Somali
DAAHIR,m,Somali
DAA'UUD,m,Somali
DAGM,m,Amharic
DAGMAWIT,f,Eastern African
DAHIR,m,Somali
DAI,m,Swahili
DALILI,f,Swahili (Rare)
DAMAMLI,f,Eastern African
DAMMENECH,f,Amharic
DANIACHEW,m,Amharic
DANIAT,f,Tigrinya
DATIVA,f,Eastern African
DATIVE,f,French (African)
DEEQA,f,Somali
DEFERE,m,Amharic
DEGAWAYNA,m,Somali
DEGINET,m,Amharic
DEGMO,f,Somali
DELNESAHU,m,Amharic
DEMERE,m,Ethiopian
DEMETERIYA,f,Eastern African
DEMISSIE,m,Amharic
DENEKE,m,Amharic
DERARTU,f,Ethiopian
DEREJE,m,Eastern African
DERESSA,m,Eastern African
DERESSE,m,Ethiopian
DESITA,f,Amharic
DEUS,m,Eastern African
DHIIRAAN,m,Somali
DIIRIYE,m,Somali
DIKAMELLESH,f,Amharic
DINKINESH,f,Amharic
DIRES,m,Amharic
DIRIC,m,Somali
DULANI,m,Yao
DUMA,m,Swahili
DUNIA,m,Swahili
EBONG,m,Luo
EFREM,m,Amharic
EGAL,m,Somali
EJEGAYEHU,f,Ethiopian
EJIGAYEHU,f,Amharic
EJJEGAYYAHU,f,Amharic
EKUNDU,m,Swahili
ELBETEL,f,Ethiopian
ELIZABETI,f,Amharic
ELLENI,f,Amharic
ELSABET,f,Amharic
ELYAS,m,Amharic
EMEBET,f,Ethiopian
EMIYA,f,Amharic
ENDALKACHEW,m,Amharic
ENKU,f,Amharic
ENZI,f,Swahili
ERMIAS,m,Ethiopian
ʿESATO,f,Eastern African
ESITALA,f,Nyakyusa
ESSET-AB,f,Amharic
ESTIFANOS,m,Amharic
ESTOMIHI,m,Eastern African
ETANA,f,Eastern African
EYASU,m,Amharic
EYOB,m,Amharic
FAADUMO,f,Somali
FAARAX,m,Somali
FAARUUQ,m,Somali
FADUMA,f,Eastern African
TESSAMA,m,Amharic
TESSEMA,m,Amharic
TEWOLDE,m,Ethiopian
TIGIST,f,Amharic
TIGISTI,f,Tigrinya
TIIFU,m,Ganda
TIKI,f,Ethiopian
TIMNIT,f,"Ethiopian (Expatriate, ?)"
TIRFI,f,Amharic
TIRUNEH,m,Amharic
TIRUNESH,f,Ethiopian
TISA,m,Swahili
TISSA,f,Somali
TIZAZU,m,Amharic
TIZITA,f,Eastern African
TOTIT,f,Amharic
TSEDAY,f,Ethiopian
TUERE,f,Swahili (Rare)
TUFANI,f,Swahili
TUKUFU,m,Swahili
TUKUSWIGA,m,Nyakyusa
TUMAI,f,Eastern African
TUMAS,m,Arabic
TUMBOPILE,f,Nyakyusa
TUMWIMBILEGE,f,Nyakyusa
TUNGIBWAGA,m,Nyakyusa
UBAX,f,Somali
UBENA,m,Eastern African
UDEERA,f,Swahili
UGBAAD,f,Somali
UGBAD,f,Somali
UHURU,m,Swahili
UMANDE,f,Swahili
UMOJA,f,Swahili
UNDULE,m,Nyakyusa
UNETU,m,Amharic
URGESSA,m,Ethiopian
URSALA,f,Eastern African
USHINDI,m,Swahili
USIKU,m,Swahili
USSEN,m,Amharic
WAABERI,m,Somali
WACUKA,f,Kikuyu
WAGAYE,f,Amharic
WAITHERERO,f,Kikuyu
WAKASHA,f,Eastern African (?)
WAKONTA,f,Eastern African
WANGŨ,f,Kikuyu
WANHIJA,f,Kaguru
WANJA,f,Kikuyu
WANJĨRA,f,Kikuyu
WANJIRU,f,Kikuyu
WARI,m,Amharic
WARIDI,f,Swahili
WARIGIA,f,Kikuyu
WARIS,f,African
WARSAME,m,Somali
WARSAN,f,Somali
WARŨGŨRŨ,f,Kikuyu
WASEME,f,Swahili
WEHELIYE,m,Somali
WEREDE,m,Amharic
WERIK'I,f,Eastern African
WETATI,f,Amharic
WETUKIS,m,Ethiopian
WIBI,f,Amharic
WIDDINEH,m,Amharic
WIDI,f,Amharic
WIHA,f,Amharic
WINTA,f,Amharic
WODAJE,m,Amharic
WONDIM,m,Amharic
WONDIMAGEGNENU,m,Amharic
WOUBISHET,m,Amharic
WUBETE,f,Ethiopian
XAABSADE,m,Somali
XAADSAN,f,Somali
XAAJI,m,Somali
XALANE,m,Somali
XALIIMO,f,Somali
XALWO,f,Somali
XAMIID,m,Somali
XANAAN,f,Somali
XAREED,m,Somali
XASNA,f,Somali
XIDIG,m,Somali
XIRSI,m,Somali
XUSEEN,m,Somali
YAASMIIN,f,Somali
YACOB,m,Ethiopian
YACQUUB,m,Somali
YAHYE,m,Somali
YAKOBO,m,Swahili
YÄM'ATA,m,Eastern African
YAR,f,Dinka
YASHIMMABET,f,Amharic
YASMIIN,f,Somali
YASO,f,Eastern African
YASOY,m,Eastern African
YAXYE,m,Somali
YAYEHIRAD,f,Amharic
YEALEM TSEHAY,f,Amharic
YELMA,m,Amharic
YEMAR,m,Amharic
YENASU,m,Amharic
YERGU,m,Amharic
YESHI,f,Amharic
YESHIEMEBET,f,Amharic
YESINE,f,Amharic
MATEYAS,m,Amharic
YETBARAK,m,Amharic
YEWONDWOSSEN,m,Amharic
YIDNEKATCHEW,m,Amharic
YIRDAW,m,Amharic
YODIT,f,Ethiopian
YOHANA,m,Swahili
YOHANE,m,Swahili
YOHANNA,f,Amharic
YONASANI,m,Kiga
YOONIS,m,Somali
YOOXANAA,m,Somali
MATHIUS,m,Eastern African
MATIWOS,m,Ethiopian
MATULUMI,m,Kaguru
MAVUNO,m,Swahili
MAXAHMED,m,Somali
MAXAMAD,m,Somali
MAXAMUD,m,Somali
MAXAMUUD,m,Somali
MAXBUUB,m,Somali
MAYEN,m,Dinka
MAYGAAG,m,Somali
YORDANOS,f,Ethiopian
YORUSALEM,f,Tigrinya
YOSTIMA,f,Ethiopian
YOSUF,m,Amharic
YULITTA,f,Indonesian (Rare)
YUNA,f,Eastern African
ZAHNYA,f,Swahili
ZAHUR,m,Swahili
ZAITUN,f,Indonesian
ZAITUNI,f,Swahili
ZAKARYAS,m,Amharic
ZAKIYOS,m,Amharic
ZAMANU,m,Amharic
MAYOM,m,Dinka
MBILIME,f,Kaguru
MEBRAHTU,m,Tigrinya
MEBRATE,m,Amharic
MEDENE,m,Amharic
MEDIFERIASH-WORK,f,Amharic
MEDIUS,f,English (African)
MEJ,m,Gusii
MEKRE,m,Amharic
MELAKU,m,Ethiopian
MENELIK,m,Ge'ez
ZAMZAM,f,Arabic
ZANNABACH,f,Amharic
ZAWADI,f,Swahili
ZAWDITU,f,Amharic
ZAWE,f,Eastern African
ZAWEDDE,f,Eastern African
ZAZI,f,Eastern African
ZEFRIN,m,Eastern African (Rare)
ZEGEYE,m,Amharic
ZEITUNI,f,Eastern African
ZELLEKE,m,Amharic
ZENABU,m,Amharic
ZENDE,m,Swahili
MENGISTU,m,Eastern African
MESERET,f,Eastern African
MESFIN,m,Eastern African
MESHESHA,m,Amharic
MESI,f,Yao (Modern)
MESKEREM,f,Ethiopian
MIAZA,f,Ethiopian
MIESI,f,Yao
MINYAHIL,m,Amharic
MIRACH,m,Amharic
MISRAK,f,Ethiopian
ZENNASH,f,Amharic
ZEREBRUK,m,Ethiopian
ZERESENAY,m,Eastern African
ZEREZGHI,m,Ethiopian
ZERIHUN,m,Ethiopian
ZERJACOB,m,Ethiopian
ZEUDI,f,Tigrinya
ZEWDITU,f,Eastern African
ZINA,f,Amharic
ZUHRI,m,Swahili
MITIKU,m,Amharic
MKARKARA,f,Swahili
MOGAD,m,Amharic
MOGAS,m,Amharic
MOGES,m,Eastern African
MONYYAK,m,Dinka
MOORGAN,m,Somali
MPOKI,m,Nyakyusa
MRIHANI,f,Swahili
MUGENI,m,Kaguru
MUGOLI,m,Kaguru
MUHIYADIIN,m,Somali
ZULA,m,Tigrinya
ZUWENA,f,Swahili
ZWATIE,m,Swahili
MÚKABI,m,Kikuyu
MUKEJUWA,f,Kaguru
MULATU,m,Amharic
MULELE,m,African
MULKI,f,Somali
MULU,m,Amharic
MULUGETA,m,Amharic
MUMIMA,f,Somali
MUNGONGEGE,m,Nyakyusa
MUNYIKA,m,Kaguru
MURINGA,f,Kikuyu
MURUTHI,m,Kikuyu
MUSE,m,Somali
MUSIWANDA,m,Kaguru
MUSONGWE,m,Kaguru
MUSTAFE,m,Somali
MUSTAPHE,m,Somali
MUUSE,m,Somali
MUXAMMAD,m,Somali
MWAKATUMBULA,m,Nyakyusa
MWAMINI,f,Swahili
MWARA,f,Kikuyu
MWAURA,m,Kikuyu
MWESIGWA,m,Ganda
MWEZI,m,Swahili
NAALEEYE,m,Somali
NABIRYE,f,Eastern African
NADIFA,f,Somali
NAHOM,m,Eastern African
NAISENYA,f,Eastern African
NAJUMA,f,Swahili
NAKAAYA,f,Eastern African
NAKI,f,Swahili
NALA,f,African
FAHARI,m,Swahili
NANTIO,f,Eastern African
NARDOS,f,Ethiopian
NASHIPIE,f,Swahili
NASI,f,Amharic
NASTEEXO,f,Somali
NASTEHO,f,Somali
NATHARI,f,Swahili
NATNAEL,m,Eastern African
NAYFA,f,Swahili
NDABITI,m,Nyamwezi
NDIANE,m,Kaguru
NDIGWAKO,f,Nyakyusa
FAHMO,f,Somali
FAISA,f,Swahili
FANTA,f,African
FARAJA,f,Swahili
FARDOWSA,f,Somali
FARHIYA,f,Swahili
FARTUUN,f,Somali
FASIKA,m,Amharic
FASSIL,m,Amharic
FATUMA,f,Eastern African
NDIMBUNI,f,Nyakyusa
NEBIRI,f,Amharic
NEEMA,f,African
NEGASH,m,Amharic
NEGASI,m,Ethiopian
NEGATU,m,Amharic
NEGESE,m,Amharic
NEGEWO,m,Amharic
NEGUS,m,African American
NEGUSE,m,Amharic
NELAH,f,Swahili (Rare)
FEIVEN,f,Ethiopian
FEKER,f,Amharic
FELLEKE,m,Amharic
FEREDE,m,Amharic
FESSEHAYE,m,Tigrinya
FETENE,m,Amharic
FETERA,f,Amharic
FETHUDIN,m,Ethiopian
FEWESI,f,Amharic
FIKIRI,f,Amharic
FIKRE,f,Ethiopian
FIKRU,m,Amharic
NELUGENDO,f,Kaguru
NEMARIAM,m,Ethiopian
NESUHA,f,Ethiopian
NGAMIA,m,Swahili
NGENI,m,Swahili
NGHAMINYIGWE,m,Kaguru
NGHENAKWE,m,Kaguru
NGIGI,m,Kikuyu
NGOR,m,Dinka
NIARA,f,Eastern African
NIGESA,f,Swahili
NIMO,f,Somali
FILSAN,f,Somali (Rare)
FITSUM,m,Amharic
FRANKLINE,m,Eastern African (Rare)
FREYHIWOT,f,Ethiopian
FREZER,f,Amharic
FWAYA,m,Luo
GABRA,f,Ethiopian
GACAYTE,m,Somali
GADIID,m,Somali (Rare)
GAKUHĨ,f,Kikuyu
GALAYAX,m,Somali
NITZANA,f,Ethiopian
NIYOYITA,m,Rwandan
NJAU,m,Kikuyu
NJOKI,f,Kikuyu
NJOROGE,m,Kikuyu
NJOZI,f,Swahili
NOHAM,m,Tigrinya
NTARE,m,Rwandan
NTWALI,m,Rwandan
NUHU,m,Hausa
NURADIN,m,Arabic
GALBEYTE,m,Somali
GANZA,m,Rwandan
GARANG,m,Dinka
GASHAW,m,Amharic
GATHUA,m,Kikuyu
GEBIRE’LIWA,f,Amharic
NUUR,f,Arabic
NUUX,m,Somali
NWABUDIKE,m,African
NYABEEL,f,Nuer
NYABOKE,f,Gusii
NYAGŨRA,f,Kikuyu
NYAKERU,f,Kikuyu (Rare)
NYAMBUGI,f,Kikuyu
NYAMITI,f,Kaguru
NYAPAL,f,Nuer
GEBRE’ELWA,f,Amharic
GEDAMNESH,f,Ethiopian
GEEDI,m,Somali
GEESI,f,Somali
GELAGILE,m,Amharic
GELILA,f,Ethiopian
GEMECHU,m,Eastern African
GENAT,f,Amharic
GENET,f,Ethiopian
GENZEBE,f,Ethiopian
GETACHEW,m,Eastern African
NYARING,f,Dinka
NYARUAI,f,Kikuyu (Rare)
NYAWĨRA,f,Kikuyu
NYOKA,f,Literature
NYOKABI,f,Kikuyu (Archaic)
NYONI,f,Swahili
NYUKI,f,Swahili
OBIRI,m,Eastern African
ODUOR,m,Luo
OKOTH,m,Luo
OLOL,m,Somali
GETANEH,m,Amharic
GETHERA,f,Swahili
GIYORGIS,m,Amharic
GLOVANNA,f,Eastern African
GNET,f,Ethiopian (Modern)
GOLI,f,Kaguru
GOMA,f,Swahili
GORFU,m,Amharic
GOSHU,m,Amharic
GUDETA,m,Amharic
OLUOCH,m,Luo
ONDIEK,m,Luo
ONESMUS,m,Eastern African
ORERA,f,"English (Modern, Rare)"
OTIYA,m,Eastern African
OZORO,f,Eastern African
PAMBE,m,Eastern African
PANYA,f,Swahili
PASKALIA,f,Swahili
PAWLOS,m,Amharic
PETELU,m,Nyakyusa
GUDIT,f,Eastern African
GUENET,m,Amharic
GULED,m,Somali
GULED,m,Somali
GUOR,m,Eastern African
GUREY,m,Somali
GUULEED,m,Somali
HABEN,f,Tigrinya
HABIDO,f,Somali
HABON,f,Somali (Rare)
PROSCOVIA,f,English (African)
PROSSY,f,English (African)
PUMBAA,m,Popular Culture
QALANJO,m,Somali
QAMAAN,m,Somali
QORANE,m,Somali
RAAGE,m,Somali
RAAXO,f,Somali
RAFIKI,m,Eastern African
RAHWA,f,Tigrinya
RAILA,m,Luo
RAQIIYAA,f,Somali
HABSADE,m,Somali
HABTE,m,Ethiopian
HABTOM,m,Tigrinya (Modern)
HADITHI,m,Swahili
HADNET,f,Tigrinya
HAGOS,m,Tigrinya
HAIBA,f,Swahili
HAIL,m,Eastern African
HAILE,m,Ge'ez
HAILEMARIAM,m,Amharic
HAKIEM,m,Ethiopian
RAXMAAN,m,Somali
RAXMO,f,Somali
REABETSWE,f,Somali
REDA,m,Amharic
REDIE,m,Amharic
REHEMA,f,Eastern African
ROMODAN,m,Eastern African
ROOBLE,m,Somali
RUA,m,Swahili
RUBANI,m,Swahili
RUNGO,m,Swahili
SAARE,m,Tigrinya
HAKIZIMANA,m,Rwandan
HALIMO,f,Somali
HALISI,f,Swahili
HAMELMAL,f,Amharic
HANJA,f,Swahili
HARAMBEE,m,Swahili
HAWI,f,Ethiopian
HEKIMA,f,Swahili
HIBAAQ,f,Somali
HIBAQ,f,Somali
HIDAYA,f,Swahili
HIRSI,m,Somali
SABOLA,m,Yao
SACIID,m,Somali
SADAKA,m,Swahili
SADAO,f,Swahili
SADIKI,m,Swahili
SADOR,m,Ethiopian
SADORA,f,Ethiopian
SAFARI,f,Swahili
SAGAL,f,Somali
SAHRA,f,Somali
SAITI,m,Nyakyusa
HIRUTH,f,Ethiopian
HIWET,f,Amharic
HOODO,f,Somali
IBRAAHIIM,m,Somali
IBRAAHIM,m,Somali
IBRAAHIN,m,Somali (Archaic)
IBRAHIIM,m,Somali (Archaic)
IBSITUU,f,Eastern African
IDIL,f,Somali
IDILI,f,Amharic
IDIRIS,m,Somali
IFTIIN,f,Somali
SAKABEJU,f,Nyakyusa
SAKABWESYE,f,Nyakyusa
SAKALENGE,f,Nyakyusa
SAKARIYE,m,Somali
SALEEBAAN,m,Somali
SALUJOJA,f,Nyakyusa
SALUME,f,Nyakyusa
SAMAKAAB,m,Somali
SAMALASELE,f,Nyakyusa
SAMANYA,f,Kaguru
SAMATAR,m,Somali
IIMAAN,f,Somali
IMANZI,m,Rwandan
IMARA,f,Swahili
INIKU,f,Amharic
IRGETU,m,Amharic
ISAACK,m,Dutch
ISAAQ,m,Somali
ISACK,m,Eastern African
ISAYA,m,Swahili
ISAYYAS,m,Amharic
ISKINDER,m,Amharic
ISMAACIIL,m,Somali
SAMIIRO,f,Somali
SAMORA,m,Central African
SAMRAWIT,f,Ethiopian
SAMUU'EEL,m,Somali
SAMWELI,m,Swahili
SARABI,f,Swahili
SARAFINA,f,Swahili
SAUTI,f,Swahili
SCOVIA,f,English (African)
SEARE,m,"Ethiopian (Modern, Rare)"
SEBIE,f,Ethiopian
SEHIN,f,Amharic
ISMAHAN,f,Somali
ISSACK,m,Eastern African
ISSE,m,Somali
ISXAAQ,m,Somali
ITANYA,f,Swahili
ITURI,m,Swahili
ITYOPPYA,f,Amharic (Rare)
IYASSU,m,Ethiopian
IYASUS,m,Ethiopian
IYOB,m,Amharic
IZABELI,f,Amharic
JAAMAC,m,Somali
SEIF,m,Arabic (Maghrebi)
SEKARYAAH,m,Somali
SELAM,f,Eastern African
SELAMAWIT,f,Amharic
SEMEGNE,m,Amharic
SEMERE,m,African
SEMHAR,f,Tigrinya
SEMIRA,f,Amharic
SENAI,m,Tigrinya
SENYAGWA,m,Kaguru
JAKUBU,m,Kikuyu
JAMA,m,Somali
JANA,f,Swahili
JASIRI,f,Swahili
JAWAAHIR,f,Somali
JEMAL,m,Abkhaz
JEMBER,f,Amharic
JEMERE,m,Amharic
JIBRIIL,m,Somali
SETUGNE,m,Amharic
SEYNAB,f,Somali
SEYOUM,m,Amharic
SHAADIYYA,f,Somali
SHACBAAN,m,Somali
SHANI,f,Swahili
SHAREU,m,Amharic
SHARIIF,m,Somali
SHARMAARKE,m,Somali
JIINOW,m,Somali
JINA,f,Swahili
JIRA,m,Ethiopian
JOHANI,m,Nyakyusa
JOHNSON,m,English
JOSEPHAT,m,Eastern African
JOSWA,m,Nyakyusa
JUDISHY,m,"Kikuyu (Anglicized, Rare)"
JUMA,m,Arabic
KAARI,f,Eastern African (Rare)
KABINDA,m,Luhya
SHARMARKE,m,Eastern African
SHARMARKE,m,Somali
SHEBASHI,m,Amharic
SHEEKH,m,Somali
SHERMARKE,m,Somali
SHIDA,m,Swahili
SHUMBUSHO,f,Rwandan
SIBAGEGE,f,Nyakyusa
SICIID,m,Somali
SIFA,m,Swahili
SILESHI,m,Ethiopian
SIMERA,f,Arabic
KADESHA,f,Swahili
KADIHUNGILA,m,Kaguru
KAHINU,m,Eastern African
KAKUJU,m,Nyakyusa
KAKWANZI,f,Tooro
KALIFA,f,Somali
KALKIDAN,f,Amharic
KALUWA,f,Swahili
KAMARI,m,Eastern African
SIMO,f,Kaguru
SINEDU,f,Eastern African
SINESA,f,Haya (Rare)
SINTAYEHU,f,Ethiopian
SISAYE,f,Amharic
SITOTA,m,Amharic
SIYADE,f,Ethiopian
SIYOUM,m,Amharic
SKOLASTIKA,f,Indonesian
SOFUYANIS,m,Ethiopian
SOLOMONI,m,Nyakyusa
SOOYAAN,m,Somali
KAOMBWE,f,Swahili
KARUGENDO,m,Haya
KASHANGAKI,m,Swahili
KASKAZI,f,Swahili
KATAVI,m,African
KAWESA,m,Ganda
KAYUMBA,m,Rwandan
KEBEDE,m,Eastern African
KEBERE,m,Amharic
KEBIRUNGI,f,Tooro
SUBILAGA,f,Nyakyusa
SUFYAAN,m,Somali
SUGAAL,m,Somali
SULEEKHA,f,Somali
SULEYMAAN,m,Somali
SUNGARA,f,Swahili
SUUBBAN,f,Somali
SUUBI,f,Eastern African
SWALA,f,Swahili
SYLIDIO,m,Eastern African
TABAN,m,Somali
TAFACHI,f,Amharic
TAFARRI,m,Amharic
KEBRA,f,Eastern African
KEENADIID,m,Somali
KEEYNAAN,m,Somali
KEITA,m,Eastern African
KELEMI,f,Amharic
KENENISA,m,Ethiopian
KENNA,m,Ethiopian
KENYATTA,f,African American
KENYETTA,f,Eastern African
KERUBO,f,Gusii
KHAALID,m,Somali
TAITU,f,Ethiopian
TAKATIFU,m,Swahili
TAKOLA,m,Amharic
TAMASGAN,m,Amharic
TAMBIKA,f,Swahili
TAMIRAT,m,Amharic
TAMRE,m,Amharic
TAMU,f,Swahili
TASFAYE,m,Amharic
TASHOME,m,Ethiopian
KHADIIJA,f,Somali
KHADRA,f,Somali
KHALIF,m,Arabic
KIAH,f,Swahili
KIAPO,m,Swahili
KIBAFUPIA,f,Swahili
KIBIBI,f,Swahili
KIBRIYE,m,Amharic
KIBURI,f,Swahili
KIJANA,m,Swahili
KIJANI,m,Swahili
KILASA,f,Nyakyusa
TA-TANISHA,f,Swahili
TATU,m,Swahili
TAVAVICH,f,Amharic
TCHAKA,m,Amharic
TEBEGE,m,Amharic
TEBIKE,m,Amharic
TEDROS,m,Amharic
TEFERI,m,Amharic
TENESAYE,f,Amharic
TERU,f,Ethiopian
TERUWORQ,f,Amharic
TESAME,f,Amharic
KIMANA,f,English
KIMBILIO,m,Swahili
KIMELO,m,Nyakyusa
KIMYA,f,Swahili
KINAYA,f,Swahili
KINUBI,m,Swahili
KIOJAH,f,Swahili
KIPEPEO,f,Swahili
KISA,f,Nyakyusa
KISAKYE,f,Eastern African
KISIMA,f,Swahili
TESFALEM,m,Tigrinya
TESFALEM,m,Amharic
TESFAMARIAM,m,Eastern African
TESHALE,m,Amharic
TESHOME,m,Eastern African
TESIFA,f,Amharic
KISSA,f,Ganda (?)
KITTAW,m,Amharic
KIUME,m,Swahili
KIURA,m,Kikuyu
KIWARA,f,Swahili
KIYA,f,Eastern African
KIZZA,m,Ganda
KOBUGABE,f,Tooro
KOBURUNGA,f,Tooro
KOKEBE,m,Amharic
KOKEBI,f,Amharic
KONIJO,f,Amharic
KOVU,m,Swahili
KUNYONYWA,m,Nyakyusa
KURUNZI,m,Swahili
KUSIIMA,m,Ganda (Modern)
KWAMBOKA,f,Gusii
KWELI,f,Swahili
KWOTH,m,African
LADAN,f,Somali
LAHELI,f,Nyakyusa
LAILATI,f,Indonesian
LAMESSA,m,Oromo
LAMI,m,Eastern African
LEBNA,f,Amharic
LEENSAA,f,Ethiopian
LEGESE,m,Amharic
LEGESSE,m,Eastern African
LELIFTU,f,Eastern African
LELU,f,Chinese (Rare)
LEMLEM,f,Amharic
LEOR,m,Ethiopian
LEYLO,f,Somali
LIBAN,m,Arabic
LIBIN,f,Somali
LIHUTI,m,Nyakyusa
LIIBAAN,m,Somali
LIKANOS,m,African
LINDIMA,m,Nyakyusa
LIVIN,m,Eastern African (?)
LIYA,f,Eastern African
LODYA,f,Ganda
LOOYAAN,m,Somali
LUGANO,m,Kaguru
LULIA,f,Tigrinya
LUSAJO,m,Nyakyusa
LUSEKELO,m,Nyakyusa
LUTALO,m,Ganda
LUTI,f,Nyakyusa
LUUL,m,Somali
LUULA,f,Somali
MABIOR,m,Dinka
MABOK,m,Dinka
MABRATU,m,Amharic
MACHAR,m,Dinka
MADAHA,f,Swahili
MADHIL,m,Dinka
MADIN,m,Dinka
MADINI,f,Swahili
MADIT,m,Dinka
MAGAN,m,Somali
MAGAYA,f,Kaguru
MAGOT,m,Dinka
MAHAD,m,Somali
MAHAMED,m,Arabic
MAHAMOUDOU,m,Eastern African
MAHREM,m,African
MAHUNDE,f,Tooro
MAISHA,f,Swahili (Modern)
MAIYAH,f,Eastern African
MAJANI,f,Swahili
MAJOK,m,Dinka
MAKARI,m,Amharic
MAKER,m,Dinka
MAKINI,m,Swahili
MAKOI,m,Dinka
MAKONNEN,m,Eastern African
MALEK,m,Dinka
MALIJA,f,Nyakyusa
MALITH,m,Dinka
MALIZA,f,Swahili
MAMO,m,Ethiopian
MANUTE,m,Dinka
MAQDIS,f,Somali
MARAGARITA,f,Haya
MARIAL,m,Dinka
MARIAMU,f,Swahili
MARINI,f,Swahili
MARIYAMU,f,Haya
MARU,m,Amharic
MARYAMA,f,Arabic (Maghrebi)
MARYE,f,Amharic
MASFIN,m,Ethiopian
MASINGISA,m,Kaguru
MATAAN,m,Somali
MATETE,m,Kaguru
MATEWOS,m,Amharic
